<?xml version="1.0" encoding="UTF-8"?>
<beans xmlns="http://www.springframework.org/schema/beans"
	xmlns:xsi="http://www.w3.org/2001/XMLSchema-instance"
	xmlns:context="http://www.springframework.org/schema/context"
	xmlns:p="http://www.springframework.org/schema/p"
	xsi:schemaLocation="http://www.springframework.org/schema/beans
https://www.springframework.org/schema/beans/spring-beans.xsd
http://www.springframework.org/schema/context
http://www.springframework.org/schema/spring-context.xsd">
	
	<bean class="com.springvore.ci.Certi"  name="cer">
		<constructor-arg value="Android using kotlin" />
	</bean>
	<bean class="com.springvore.ci.Person" name="person">
		<constructor-arg value="Ram" />
		
		<constructor-arg value="12" />
		<constructor-arg ref="cer" />
		
	</bean>	<!-- more bean definitions go here -->
	<bean class="com.springvore.ci.Addition"  name="add">
	<constructor-arg value = "12" type="int"/>
	<constructor-arg value="24" type="int"/>
	</bean>
</beans>