<?xml version="1.0" encoding="UTF-8"?>
<beans xmlns="http://www.springframework.org/schema/beans"
	xmlns:xsi="http://www.w3.org/2001/XMLSchema-instance"
	xmlns:context="http://www.springframework.org/schema/context"
	xmlns:p="http://www.springframework.org/schema/p"
	xsi:schemaLocation="http://www.springframework.org/schema/beans
https://www.springframework.org/schema/beans/spring-beans.xsd
http://www.springframework.org/schema/context
http://www.springframework.org/schema/spring-context.xsd">
	<bean name="emp1" class=" com.springcore.collections.Emp">

		<property name="employeeName" value="Sita" />
		<property name="props">
			<prop key="name">Ash</prop>
			<prop key="designation">Developer</prop>
		</property>
		<property name="phones">
			<list>
				<value>8017336222</value>
				<value>2507363636</value>
				<value>8972762525</value>
				<value> null</value>
				<null/>
			</list>

		</property>
		<property name="addresses">
			<set>
				<value>Delhi</value>
				<value>Kolkata</value>
				<value>Bangalore</value>
			</set>
		</property>
		<property name="courses">

			<map>
				<entry key="java" value="2month" />
				<entry key="python" value="1month" />
			</map>
		</property>


	</bean>
</beans>